<rts.PhysicalGameState width="8" height="8">
  <terrain>0000000000000000000000000000000000000000000000000000000000000000</terrain>
  <players>
    <rts.Player ID="0" resources="5">
    </rts.Player>
    <rts.Player ID="1" resources="5">
    </rts.Player>
  </players>
  <units>
    <rts.units.Unit resources="0" ID="2" hitpoints="1" y="0" x="0" player="0" type="Ranged" />
    <rts.units.Unit resources="0" ID="3" hitpoints="4" y="1" x="0" player="1" type="Heavy" />
  </units>
</rts.PhysicalGameState>